{"cameraMode":{"drawMode":0,"name":"Shaded","section":"Shading Mode"},"sceneLighting":true,"audioPlay":false,"sceneViewState":{"m_AlwaysRefresh":false,"showFog":true,"showSkybox":true,"showFlares":true,"showImageEffects":true,"showParticleSystems":true,"showVisualEffectGraphs":true,"m_FxEnabled":true},"in2DMode":false,"pivot":{"x":0.08599595725536347,"y":0.3556066155433655,"z":-0.22229960560798646},"rotation":{"x":0.642120897769928,"y":-0.01983029767870903,"z":0.016536518931388856,"w":0.7662303447723389},"size":11.252886772155762,"orthographic":false}