{"cameraMode":{"drawMode":0,"name":"Shaded","section":"Shading Mode"},"sceneLighting":true,"audioPlay":false,"sceneViewState":{"m_AlwaysRefresh":false,"showFog":true,"showSkybox":true,"showFlares":true,"showImageEffects":true,"showParticleSystems":true,"showVisualEffectGraphs":true,"m_FxEnabled":true},"in2DMode":false,"pivot":{"x":5.960464477539063e-8,"y":0.17500001192092896,"z":-1.1920928955078126e-7},"rotation":{"x":0.0011675464920699597,"y":-0.9910804033279419,"z":0.1331009417772293,"w":0.008616374805569649},"size":2.066028356552124,"orthographic":false}