{"cameraMode":{"drawMode":0,"name":"Shaded","section":"Shading Mode"},"sceneLighting":false,"audioPlay":false,"sceneViewState":{"m_AlwaysRefresh":false,"showFog":true,"showSkybox":false,"showFlares":true,"showImageEffects":true,"showParticleSystems":true,"showVisualEffectGraphs":true,"m_FxEnabled":true},"in2DMode":false,"pivot":{"x":1.9199999570846558,"y":0.31000006198883059,"z":3.3399999141693117},"rotation":{"x":0.1473449170589447,"y":0.08977455645799637,"z":-0.013438277877867222,"w":0.9849207997322083},"size":4.506220817565918,"orthographic":false}